{"cameraMode":{"drawMode":0,"name":"Shaded","section":"Shading Mode"},"sceneLighting":true,"audioPlay":false,"sceneViewState":{"m_AlwaysRefresh":false,"showFog":true,"showSkybox":true,"showFlares":true,"showImageEffects":true,"showParticleSystems":true,"showVisualEffectGraphs":true,"m_FxEnabled":true},"in2DMode":false,"pivot":{"x":-0.6719778776168823,"y":0.6166900396347046,"z":0.44644618034362795},"rotation":{"x":0.18429428339004517,"y":0.19089652597904206,"z":-0.03651505336165428,"w":0.9634637832641602},"size":1104.134033203125,"orthographic":false}